f1,f2,f3,y
0.2928605505492449,0.21432688378372966,1.249022696873495,6.327643742812373
-1.1858414935152277,-1.1731596484645828,0.687692185117782,5.0278593111685534
0.6675565826392855,0.8372531604964787,1.9661274713755903,6.584548419149568
1.0673467919379624,0.9909355994502149,-1.5478328327399113,7.685084426957925
-1.9504365304138453,-2.231993498175902,-0.26536010831425455,4.909784803423559
-1.2341375114886506,-1.0776438559495705,-0.46252138394282544,2.914086720744761
0.26185625160772336,0.10900148809711871,-1.9736826764086015,4.262697006617562
-0.39121088492310413,-0.5384288113867264,1.060327204779694,5.903085289879341
0.13444847522167244,0.22095566536648603,-0.2703965558033584,3.9882166366046814
-0.7772754068819012,-0.7279088132543492,0.7396312049865622,5.660095314888762
0.6324353574805328,0.6264895764732457,2.3597719343296117,7.185813408503496
1.0662528936661972,1.1332285034804932,-0.3532436918276083,6.012138738982333
-0.03411825119016719,0.1977901712344546,-0.4211529826571552,4.978442080402829
0.7962221383309961,1.1252019838430236,0.11866416972399602,6.9204244155379975
0.2585006003347851,0.7855531033764015,0.9872473529834096,4.868974622930763
-1.0635014950189026,-0.8274329061173101,-0.5667130253101499,3.0679644436514533
0.37918544781400554,0.36313416906169244,-0.6309615971321306,6.6045268300751445
-1.0136527019382464,-1.0909426240333966,1.0571892702413659,5.637072193363872
0.811083907779154,0.9948203891686882,0.37863932383803556,5.3119507665353805
0.07401448211024289,0.04539468247854309,-2.0447282630048207,4.114076398530253
-0.1168872913067198,-0.1819263355673183,-1.2253917994691081,4.595875813418722
-0.6177199702750842,-0.838926815177462,1.5012358638272103,5.9371245960482595
1.3045070301397688,1.248527309507245,0.4019282830788125,5.260830762005107
-0.031302548468354494,-0.16848923922122974,-0.762195931037249,3.319488259717211
-0.8499184905185959,-0.6950226859099474,-0.17040965723498214,2.867695049644162
-0.42502120094112184,-0.6464960207530668,0.013236672801670204,4.059808332072261
0.09626717265545393,0.6453398613153026,0.7357333602801638,3.7221644615033362
0.3726560497236374,-0.1549335986462595,-1.3582633948587894,6.383414291124041
0.4118060171511193,0.4538147169882404,-0.8409491386704581,4.73838489181691
0.6399274579658187,0.33520439145711783,0.27295575486338886,6.582246073425104
2.3791744794146856,2.4032969222464433,-0.09983458049545033,6.056708893461183
-0.3658600067341421,-0.5051086582153907,0.5718591826367099,4.736924684625765
-0.6123149445509173,-0.38034588622115817,-1.2295073973595978,3.896250901854606
-0.7167405057387302,-0.893155496495436,0.3571286762713211,5.409606272087144
0.5103958951106329,0.6387290532727243,1.0915836193774722,5.074947560287278
1.1286937624322217,1.2763395989049018,0.4868185471492834,6.238473749441058
0.0832798057372785,-0.20645860091979112,0.13911173976159188,7.931160342414547
-0.9517107461604127,-0.6408455000628472,-0.09588360256597088,3.3610190311058328
-0.6633454878427394,-1.0232207911125362,-0.8348511527715018,3.9457925961686575
0.7860730615631616,0.7095113563363769,-0.07199859243978847,5.729434786434677
0.5522958077772779,0.9277821157610129,1.259705852880406,5.5233532257768445
0.7379330939486752,0.675161766663262,-0.11902850660012523,5.652793114528889
-0.5257964382143933,-0.28222073194161224,-0.8898039893484101,3.510795453889338
0.2525465005412513,0.07947345960458765,-0.4922470887653863,3.9091222410950444
-0.03577888246480222,-0.15914404112898933,0.20085029727593015,4.348746108415587
0.046847393013898925,0.019821575029989047,-0.37351399718084694,4.7648067933197975
0.7638962625675854,1.0035172912578774,0.4853032830631407,5.362037876696135
0.3321144414330743,0.32318013562855796,0.5228437607490304,5.0452156585566215
0.4877885295916153,0.699364895001378,0.8889831804046482,5.332113802897976
0.15508151921286545,-0.15701234033253453,1.4235594722650329,6.552063829850387
0.040768292914305615,0.44249285735579635,0.9958587243723608,5.62466198274203
0.5904745089507706,0.3863472703084323,-0.9342390641479599,5.432397718935416
-1.4352262689408648,-1.2253659033802864,-0.9035344465762722,3.092388981948095
0.16935481265448205,0.2518164682706717,-0.07577147645982442,4.424945461758269
-0.745835785396869,-0.3970824249784854,-0.4511753572394145,3.9031655387451387
-0.3444749349453152,-0.5222562211117933,-1.1383267269609427,4.817654571519527
-0.24517376842922772,-0.3737142050057956,-0.44169179417299426,5.65687821081723
1.5771756948375886,1.1328986470170326,-0.474512933619039,7.941933786113669
-0.8421615330156024,-0.9863749882992877,-0.6718477397612058,4.699077130552311
1.0572237182305275,0.749699306371731,-0.3157894861550056,6.415960390212837
-1.7136067924882084,-1.972270686898808,1.178450850318331,4.637885648536625
-0.04407499369428319,0.009586958413354996,0.19923804124923924,6.011729051166586
0.07145883626006111,0.21732556871016018,2.4718090760554694,5.363555339984804
0.8126692457951277,0.6621598474820749,0.17050818601964934,5.570534356734192
0.5823531557502504,0.649422106753605,-0.29006577393725175,5.484613764725277
0.7812968659196678,0.7587730187112379,0.004132882654866092,6.243690691929414
-0.5631175827064814,-0.15581493580057088,0.25649197844354,2.9264166134394634
-0.3713470485950632,-0.46881921640361024,0.43525395717106363,4.966461702194254
1.1470010726424607,0.9641146688621004,2.0767113258590237,7.457130768903907
-0.20677556084578572,-0.23050518445061807,-0.8453204649775686,2.202743338271625
-1.3150634630787037,-1.3441169014843313,0.8590460581777356,3.9529724535626594
-1.356210606617066,-1.4146700471238531,0.20775059761412384,3.7072657403551035
-0.965310816712073,-1.315002098475037,-1.5710977425706176,3.7882299327055273
0.17860189210945848,0.44484836384048365,0.7706987820947633,6.447372614272058
-0.04014986127320022,0.1537250744692118,1.2676235608039048,3.990113749135053
0.7358425632895953,0.43325934672601,-0.8571764037774298,5.087798223323437
-0.163450006788255,-0.43414761934346086,-0.008933867891970693,2.761282486056837
0.7203818633226149,0.16929020367481462,-1.7253542620077036,5.478971385440223
0.5082733769531566,0.1943887927554609,-1.2588064596843365,5.110995761380378
-0.022286508391150373,-0.49237147161613865,1.0480295776172526,5.931921030533196
0.505525733637741,0.5382280163045051,-0.4664165060074345,6.314590254784256
-0.6921754704159264,-0.5845141951875025,-1.1088029749380393,4.398718013995169
-0.27653495621984137,-0.5937888298450239,0.22946036445842968,5.550559697527042
-0.36935459726233727,-0.3500482838983821,-0.5224124314310232,3.960213506754379
-1.1737605004665959,-0.9913582005169452,-0.4708216577755361,4.252213738853198
0.40530584822024796,0.6423870725837615,0.7393260256749032,5.281048552494821
-0.749024272162494,-0.4884594976055108,-1.1617333589343466,2.330709460337908
-0.29623092177672894,-0.08110114393717105,-0.9053652126818322,2.1045782387186875
0.6113956355621544,0.35487776203900806,0.15407999214886864,5.760156884787199
0.3911911580128014,0.5400951326118755,0.9694097907482053,6.332731721361365
0.546167329041553,0.7044059036013639,1.2381603014898497,8.125309020209945
-0.0967843591647929,0.027395316711016457,-0.665061720361623,4.383935775092254
-0.26431186146102825,-0.39692354941992336,0.9373769669196479,4.704244482796281
-0.04364542230111941,0.08403457916308935,-0.7841422934704089,3.123958219751045
-1.8185454212862233,-1.6684159273664898,1.8262093469068,4.346255160633308
-1.2018538812932973,-1.29017472919675,-1.1337710254197284,1.6432862494194753
-1.0068625117580758,-1.1485350582810745,1.328478810791731,5.491067088088675
-0.898335496536911,-1.1581521536464445,-0.6564861068187239,5.110766370535706
0.5945069289922547,0.03814541734928739,2.0132464547946003,8.150132632908354
-0.6570870559972986,-0.5967804841571501,0.5913207288524843,4.298298492810089
-0.15214269075848696,-0.32683080789693736,-1.016016529408222,5.254165932361118
1.4220481332085901,0.9563311186868411,-0.5222384795425068,7.263301293609134
-0.23659456164644938,-0.49902787050516817,0.7811812052237417,4.900738816822268
0.8414476831363871,0.8918904269410523,1.0526444176155614,8.117296726709863
-1.1530852149192858,-0.9895530462364556,-0.07071559172446261,3.132813272242306
-0.06529292649571286,-0.30784984173145546,0.044658280963466405,6.217902344907414
-1.221184849135892,-0.669845682847988,0.7583530326440655,0.6366990519146181
-0.49795296692557345,-0.5484905051773246,0.13179842701081995,5.945492205864268
1.101021151019013,0.6806774659064287,-1.2935048593383758,7.763719836229575
-1.5592763906535092,-1.6850431281826952,-0.8129740246401806,3.3156038592114103
0.7319033014830298,0.5125146299566338,0.23511994315166507,6.847011650849413
0.18340072559481943,0.3370042092004242,1.2154824164976936,6.042450148240018
-0.8245997239521479,-0.411902346783005,1.6159824241620477,3.5152131641498663
-1.4941452938025233,-1.4063421302521513,0.7795294207714503,4.267135394921798
0.09253576716198436,0.17000629550155133,0.28729076103636375,4.272609621128477
-0.5136949657958004,-0.581334560926819,0.748813885982477,4.3872342438121485
0.4594123071060443,0.2452158720020468,-0.6667508502068556,6.68137289542291
-0.050401939477246235,0.04335898153416977,-0.15323096025821417,5.660118429071017
1.6721857856815003,1.6447985184847227,-0.8241307213394766,5.608519457289525
-0.4370810573599455,-0.08484766595647211,-1.2487426107077115,2.5005045109782107
-0.9334340370131023,-0.9124683562328988,0.33354901163620493,3.545812504786921
0.1798973449934435,0.18811903553635279,0.1855133065847436,5.9888501836654875
0.07003401631486167,0.0581714869835572,0.6876524845090128,4.43760053642158
1.312021702805466,1.3727218268529784,0.5461118308924472,6.820390009192617
0.7982760966115342,0.8295076889354297,0.24264427132386202,6.603981858259969
0.3028400332820901,0.395507375112149,0.5566166656775543,5.3075682321676485
1.8175711396730985,1.9046079526476423,-0.04268309622747663,7.632219662475201
-1.2084522547844267,-1.2935176100310979,0.4128913952224006,3.863813983830323
-0.6885307547852153,-0.5552937289246758,-0.7261444026863596,3.4680673911566116
-1.3460661329275534,-0.7128835279566652,0.3697059256391301,1.5951753888183795
-0.5686512735516634,-0.3702094203358914,0.6684176852860094,5.385851210280002
-1.4293008324475793,-0.9091171237218758,-0.6696814280722031,1.4289705890860414
0.49798041157907574,0.559543088468109,0.05183209899284673,5.750542925012492
0.05411882157678602,-0.15740485263476395,-0.6236025096293596,5.094048848059272
-1.5037938495819017,-1.6305674434812543,-0.5265066965161149,2.433716926847084
-0.7578902313438911,-1.0858840282362001,-1.1249293551021546,3.726529541066329
0.3258547742602689,0.36330062952952685,1.2657749251665555,7.266722765345764
0.8455721351786964,1.007387380355927,1.0656851747200478,6.2564417748187395
1.9789716021492862,2.0605498584965014,0.5374338542273371,6.075381675201683
2.9146217163316215,3.165685435874277,1.972195951943814,8.703920540566909
0.7581684338859682,0.39541637115746203,-0.18924569656839169,6.242935679464239
-1.4534602653821078,-1.055971825999665,3.0317624151106344,7.721490465652506
-2.532355429619045,-1.5912492592754317,-0.22752941536322038,0.7567913633543902
0.159077296132613,0.34655899223224196,0.25519335175601643,4.531085732744998
-0.8100355189228122,-0.9568374045060355,-0.39777791394020817,5.704707213060634
-0.2773363752268828,-0.5542100126292991,0.372325560060305,3.621537512315258
-0.517479359454313,-0.8006327819660761,0.8356149278862445,5.560955105893433
-0.21764006899249932,0.046522984754972324,-0.11391639305308393,6.191504121667089
1.269788969435996,0.9931047722089952,1.7767198471176207,7.595318003089053
0.36308764807589083,0.18252106257664175,0.23914928463346072,4.110494416743041
-0.12182327078437519,-0.17133657192634205,0.2704853861101991,4.716528060144061
-0.8431222383284434,-0.8893552712376247,-0.9089976945137175,5.249363021192098
-1.6201538920179313,-1.844031763281161,0.4184990745503845,4.412920984104492
-0.5986045144299076,-0.701422366301934,-0.1340272208093656,3.7011614693969443
0.08578081698168045,-0.008923089382001634,-0.6082397293372869,4.285825957861378
1.7900525380956185,1.8881217705198623,-0.7764744081483639,5.645976598023136
0.13054249082378322,0.196780984092414,2.671763379756685,6.69514507821886
1.2773302254609724,0.8208487652035921,-0.2634772501790354,8.396750653824869
-0.9894700242471695,-0.3637986301208733,-1.4569854207812678,3.0831174899087754
-1.4684806004489386,-1.3337159518361514,-0.6982214597325725,3.368891554568329
-1.2025308475072458,-1.0694244911896484,-0.051567839476213594,2.17382776006197
-0.7978781940495143,-0.9140167694801536,0.546667032616485,3.379799959126565
2.0775480984819583,2.388701402165571,0.5547965217253135,7.265891773191153
-1.1228518087789956,-0.6947023710189163,0.6766145517765254,2.0136854936562143
0.6414575972741796,0.9594878788721196,-0.6448603066373296,4.45739985969103
-1.0750955137917404,-0.6534848938585363,0.34044044350154545,3.556053914278801
1.4230578312894224,1.4941028625219888,-0.8760594641105784,4.7053440414063115
0.7452993556552925,0.043105745323832045,-0.6196429830140117,5.815602750452343
-0.2389877811950203,-0.30431321383351206,-0.9177089745002595,4.338687532264015
-0.11347918419679381,-0.1639975429703388,-1.1883888545982695,4.897013393575215
-0.8846284948670493,-0.824951619905929,1.0642094888580087,5.5896412700534714
0.06444611883702717,0.230555551961338,0.6886117009788877,5.683586537848401
-0.4783595176224848,-0.5149140931518531,0.9766653699781299,5.156738913417512
-1.4251761604160533,-1.4689265068251292,0.03931306602429631,2.935786311857197
-1.2949076806520212,-1.2109291008121366,0.7768076988651466,2.8546320132562637
-0.14745325208657603,0.1829275820078424,-1.761289404642545,2.8002632890741674
1.4266963647483832,1.675296989363166,0.8630875180453551,6.770974459522061
0.1897170326340044,0.26153730390108876,0.1771198300050302,5.471260111729693
-0.045396406553095084,0.001963044575452738,0.6271096001491656,3.0735375055392695
0.3693205313509458,0.2111443522377664,0.38002329904861315,5.090007510834108
1.0419039448754173,1.7302304222335583,-0.9870551545368866,5.376230964496848
0.3903196473909687,0.2662687246602759,-1.4980397753910466,4.9686166529609705
-0.5709695701541072,-0.7834241813586962,-0.7120541661829632,3.0809036560606033
1.2328602929813501,0.9058135609066453,0.5649172812729122,9.525233579365366
0.42662870313797485,0.08065584065605036,0.6900914151753954,6.434678403374757
1.2604784921804024,1.5392229178262535,-1.3679422773818628,5.403352461511178
0.11999489630566854,0.1588733924112394,-0.9810993674682146,4.951212976405555
-1.1513962833077467,-1.318154171300392,-0.7232356859408393,3.4529061835469377
-1.245566123150745,-0.9659739767655622,-0.3573050602668157,2.2890233721240865
1.6227303527423658,1.7607245070466317,-1.3620508308526522,7.787391613773448
2.0300214989035075,1.868885393072564,-1.4220517661401326,7.644473697113078
0.021982940914711147,-0.3657339108710213,-0.8218352964075539,6.208436197391076
-0.43451814441593833,-0.5830162994021902,0.08625383622500567,5.481894275387278
1.611468654669591,1.468805392061593,-1.1805943397534906,5.303180619647158
-0.7202869850058506,-1.0724442541130428,-0.11580350997176611,6.203655989962925
-0.5026300987992209,-1.2659893323787177,1.0585528161418154,5.710232118418931
0.39772681852454494,0.6072653901191376,-1.30177973741351,4.611046604779251
-0.5799117450910197,-0.39179070628488866,-0.20644575841053947,2.3012333926268793
0.29186189062669887,-0.048151699874297085,1.0247567337507726,4.443408587856557
-0.37509910869204,-0.3261209809938479,-0.4182683903638093,4.636101643382786
0.07306632214059777,0.22966751241470557,-0.5736696908584189,3.6639298289682656
1.3102430351739074,1.3721100225991576,1.1634958143064738,4.779089396179371
0.1746302487966627,0.1087449116237551,-0.30620207897154783,5.69390938660378
0.6234594519546386,0.7648971097869715,1.1044950252055679,8.012912419943547
-2.180284825112141,-1.8340008600408484,0.4289653911271988,3.731190198888934
-0.18356089427501976,-0.10758794663556792,-0.34284465290983673,4.235752998725486
-0.9856976831754128,-0.9344615095159428,0.47969053059753036,4.160520541501358
-1.3947149861554164,-1.1312819257167668,0.3204495138460378,4.126349906674216
-0.4218257914735384,-0.7559833836465799,1.020882821002474,6.8790588232086884
-0.2746212264637011,-0.4209635273525892,-0.5483455378650185,4.400354887555868
1.0932543532369607,1.0739812377492475,0.041206066781619685,6.186581333327771
-1.4242082113633487,-1.1304756495083694,-0.061515679604637406,3.25818363188891
-0.006559842842792329,0.2889687857261521,0.7041481416397848,5.308333291118043
-0.6268802296076494,-0.128505251989614,-1.0251791944441757,2.7307037759229242
-0.8580147613458013,-0.5009563220938487,1.016977048237856,3.816271639200477
0.7271559699350308,1.0055374671711064,0.4663287721704166,6.783389691302476
0.1759917010078471,0.5403709763276581,-1.3169250736329463,4.9982913159946385
0.8874413518524222,1.3177833937362422,1.2082628254805003,6.108299254261121
-0.39357747410952104,-0.2843582631719277,2.2340930807977313,7.224139714437086
-0.43095147579437687,-0.9930550123169173,1.0018339695494078,5.80772681979899
-0.23274605042137042,-0.20532292767469876,1.4269847672264693,7.048873536327902
0.5006095437354564,0.08882565936163908,0.0853713816025881,6.909378446819935
0.2587698738338861,0.19377205460323602,-1.66150491973851,7.829039174640521
-0.9278763070903346,-1.2431967805731372,-1.8441204511675249,2.588222487509031
-0.08968961743304082,-0.1294418875409941,0.25508204386775846,4.428010692499403
0.33301852097743934,0.2750880022142847,-0.59197880772998,5.571687982839307
2.6632168843487896,2.5476583428952195,-0.9145762783273513,7.834279881071246
1.7615151528349315,1.9927010055458567,-0.06274668396867535,8.217909089603761
-0.7413352764355867,-0.416070597275295,0.6155852878612882,3.24755332587494
-0.17414580983420952,-0.23192545530700673,-1.4527575467621472,5.119953226424196
-1.5733525260630197,-1.3664256484241772,-0.4488776202803848,3.9508179132010985
-0.8152607004176855,-0.8062192797369515,1.5098706831203152,5.626239632001652
0.07877933721068603,0.05822351548306559,-1.0752883802213746,3.6212504486309194
1.223154729272526,1.5224195102429003,0.8697611871649563,7.467264566168453
-0.6636818639857456,-0.9137797937302693,-0.4847307615489939,5.8234735460442195
-0.8126516061593795,-0.862935254361525,0.5457937598499527,5.160397089960266
-2.141971961473435,-2.1551088139819656,1.0973275072028672,3.637313184354014
-0.04855851331721059,-0.18070440322038533,0.7412817669850216,5.812482160026022
-0.9387762689265029,-1.2429157131482214,0.9091596022138765,5.045346628384494
-0.21906340334157604,-0.5904340711086937,-1.1515935334079561,5.588666299741323
-0.6214646117279796,-0.6309856346375673,1.1136597067412988,4.985542140406823
-0.2945208408038658,-0.2554612760189165,-0.8526931146348199,3.3524884969561843
-1.4210111494490267,-2.0364628882298654,0.2595417655715384,3.8910715660708277
-1.5732405463021335,-1.2785265212110322,0.2582461869972269,2.2144182433619854
2.3382216745191835,2.2277064944159055,0.48512255886958094,8.023945556709982
-1.2738252560638132,-1.4115263054037632,0.33695667606019053,4.143099344210975
-1.1792154541460331,-1.4132189816800231,-0.8438099785247232,4.0822304049483344
1.4753741563663274,1.6879888570336015,-1.3498674122957162,5.876024182430032
2.870754267197137,2.8941262818705527,0.8723486799617686,7.6328636519143105
-1.4834432758864635,-0.9384322108485779,0.18583457751891555,3.98511205114257
-0.17478910961947608,-0.5755653517619619,1.1493768409578178,5.93374096809693
0.6449140823683592,0.32465157463821487,-0.04473293418786798,5.829645645953205
1.5693154465462542,1.863726576384572,-1.4051643606769604,5.760297243863592
-0.9264629299243832,-1.4631105464526217,0.9661296810041061,3.793386941259074
-0.39035615034370486,-0.03852061235432977,-0.370370609661107,2.930253019124072
0.6516406300343861,0.5408474616204566,0.3420034574210212,7.025301494264588
0.589665015239693,0.5011651731580056,-0.6474594284795192,3.705513056101197
-0.38386372359878174,-0.32681944130795043,1.6443017102336905,6.441772763869556
0.2141066438701612,0.08309431377672785,-0.8765648241831969,6.548985458324564
-1.471342304110566,-1.2647109321912737,-0.33742975410617465,2.5772247371740136
-0.0383064774797674,-0.7136318423206615,0.10744870269731638,6.657881370976989
-0.24690480741739873,-0.4233433394401534,-1.0921823270869582,5.6789681779356584
0.3913254915751026,0.259810915496912,0.33051952858759515,5.352825219981762
-0.6447587502850054,-0.5943231960429735,1.6119104774674902,5.928100900490857
0.4616267550348225,0.5670606684964931,-0.49046216069371046,4.334379052633954
0.9896160419600416,1.1705891289537695,0.3951428190317255,5.34763898415527
-0.011782095300691409,0.2771196749544019,-2.7494353860385554,2.23636020684487
0.484172715315554,0.30890141988831044,-0.03892920048484066,6.157897905122424
0.1832051486935402,-0.3161120546462287,-0.31304228592620537,7.183287464975526
0.11879533207252753,-0.09101185667954928,-0.8184976024103849,4.945047976254324
-0.4141649027593185,-0.6382844039150564,1.081450469628532,4.30355017445402
0.6063632219205688,0.09840481116321248,-0.32624368162382816,5.376451380336552
-0.17227553638331655,0.028968347610825812,-0.17747748709358746,4.731097373452145
2.1677787726174302,2.2748469683840558,-0.37719287478907115,8.609162357083914
1.4486347646236,1.598728297734411,-1.9168158717650765,5.583764761833836
0.3905176157794119,-0.22690942070597842,-1.131986440076961,5.672481918060459
-0.8830070995185405,-1.018674882237128,0.9610934861202163,5.635059175829027
-0.7883974101562077,-0.7351736402722016,-2.109950646879972,2.8106810910490476
1.2638825831574576,1.0818353944831895,-0.7663153496157056,5.866534068333935
0.21914339952625406,-0.1340794194786607,-0.3997200562897638,4.767269903695937
0.7188671177628863,0.7271928810536653,1.7436218672915653,7.982475369073468
-2.178709068933275,-1.741914868665458,0.768603765496369,-0.2072035042163889
0.5246179625851228,1.148426579349726,-0.5571705270530996,4.796274665808637
0.6135880692583178,0.509812073258236,1.304513697115551,6.00965197201872
-1.0983369947910044,-1.0187188571720442,-0.7405158205011196,2.9618280882689025
-0.4214355473977968,-0.3989229579070456,1.0090998037340055,6.730404331605516
-0.0015620163071901616,0.4032148667407196,-1.3588772459230156,2.795314502435432
0.047820056186170384,0.5079528880674633,1.0732578317891572,3.9841141542897534
0.10853069627671341,-0.09796991861171739,-0.4061336454709856,5.188070864398552
0.06135165589321172,-0.41955613163506783,-1.0285042409412697,5.922762496291373
-0.21803606917832294,-0.16264507515110468,-0.21714361307631405,4.120754353936215
0.06475173008148104,0.3808586657231121,0.27734417972021486,2.9973510181224414
1.3925774026192783,1.7120321343003861,-0.49474843052571216,4.640595543112441
-2.9924980187713013,-2.6519794375431176,0.5539535059953238,2.8847754282345117
-0.1853221803254521,-0.003861375472058698,-0.5829938836640675,4.235036057271238
0.3456090430688178,0.362060901282688,0.6203723939313579,6.073978807310579
-0.019129875747023573,0.8104974770810456,0.44222206203659953,3.2813052424421003
-0.504197959782653,-0.5219149285709922,-0.06092305470793503,3.841276754266788
-1.988214708925267,-1.8582018977586676,-0.4413823123659498,4.20863796243397
0.13492524475235693,0.2667716740221189,0.15154079576526616,4.758810927044386
1.7380465395285651,1.62930578415643,0.5502537430336992,6.787285042262559
-1.9507418359138327,-1.7118655548688584,2.0617991527316084,4.698547544717363
0.9866821013696011,0.3112929125634396,0.939420421798181,7.08481033101363
-0.17775420913615744,-0.4154651178675207,0.9759899498158413,5.190935239460494
-0.1115448634362298,0.01254726611113359,3.0885121948602836,6.194773658916083
-1.5490402127008573,-1.1515428798051313,0.5159584767678441,2.9142144639797927
-0.5337398975563545,0.05262006434994532,0.4846435113117023,3.795473282190111
1.546624981519498,1.302719757242131,0.7040150743216541,9.478112056630547
0.027056385841992547,0.8408610530245342,-1.0089659775882531,3.2312123090351528
1.6628069229712403,1.7845956879559377,-0.4439016364187562,3.8192246120416655
0.9414117332842419,1.3426933509563452,-0.506169266692334,5.212062808025429
0.6000007392465435,0.4949349897162887,0.6476139772195617,6.171819221406432
1.6089117357390998,2.0176914525485046,-0.17417456222119868,5.74771504536115
0.5197839628854211,0.4501810287647789,0.1382234254743028,5.974048853260028
0.9410802606308776,0.9272123184148161,1.0874546201484645,6.483865167462433
0.07067421441129568,-0.22330436680469962,0.8631507387041388,6.0375946531399665
0.02595742712413078,0.008888724233741062,-0.16172100304124704,5.592278541155072
-0.6222149493757546,-0.6164273595153416,-0.6699950968782225,3.4891315252698067
0.6925728387693659,1.4364611838343895,1.1352747316531886,3.8247471788267373
-0.9402209104561168,-1.232383011533954,0.7738911809098658,8.054830334776883
0.6302485728033884,0.866243320988311,-1.6062568182953822,3.639273223504619
-0.30280189032270854,0.06090473266872912,-0.3131539389082808,3.913350806700352
1.1667975344974773,1.3992977496561754,0.1655154620167624,4.288894584313096
0.4382921196632899,0.7532122722751329,0.7788297171210313,5.314335088051541
1.8664001634325893,1.3439684170553292,0.9101014949397712,7.43308885296766
0.9242679457236469,0.834115254868338,0.2839060011754735,5.80405338517199
-1.5134534909537825,-2.0159351073778513,0.585247531358856,5.829198173344907
-0.38473268573394587,0.22703427329004539,0.06413680237815363,3.8958113657852222
-1.1967690514607479,-1.1381124183561637,-0.6738516881805606,3.9174013628146227
-0.3698740617703765,-0.3183450383918769,-0.261264391041254,2.625230857560135
1.13563068008354,1.3308062056405114,0.018991186640108272,7.5916703921186635
0.4225806081341532,0.32703231623768514,-0.034679250018589874,4.40445625597592
-0.5236217077624423,-0.6467795517505128,-1.8855729044434706,5.308468342285828
-0.9596982796009416,-1.0204380544316274,-0.3974833349294312,4.984583468577201
0.11517640930161158,-0.06552607235517235,0.05620565308915186,6.082016940944435
-0.8446611878564654,-1.199627893234575,-0.281369991905701,3.869602446038522
-0.5774297216953406,-0.1176530989901291,-0.24682379551158573,3.5311949799579665
0.44358707363787975,0.4789145810250554,0.4879913708045874,5.146006333620963
1.6974611415503613,1.36521175727936,-1.0789571870486339,6.851520888073339
0.5660005606063416,0.7775488505351109,-1.6280422139512112,4.079010614687638
-2.450866061321799,-1.9953970798276615,-0.3481697908366748,-0.5744994263008207
0.38992600867968635,0.26635239445011083,0.7641144055017897,7.140914590874321
0.1598317791103569,-0.33891868830248084,1.6875530394866385,6.920002077129991
0.3085472069834514,0.3761730587714911,0.78212823909474,5.079559223452505
1.4097302777402376,1.7785568236505076,-1.4682637598688473,4.377618073155506
-1.6012693923867272,-2.2571983558277577,-0.23236723937677117,4.952864491173717
-0.525734731113501,-0.6263766152889717,0.2566343810815294,3.910109889483733
0.4444492465129395,0.452552374192892,0.1775911169235922,3.261862991140787
-1.3984083389980226,-1.281188549085316,0.539304552942874,4.043934160856277
1.454120017741242,1.6258404511348217,-0.9170489464607607,6.171257675680524
0.3177803234370921,0.49866473682945023,0.06494308755074261,4.788851215750115
0.9590385602263026,0.9709042484675983,0.420322829776129,4.997565723441768
-0.8293201151681325,-0.5783935120322199,0.8256709533036595,4.170597696101157
0.884289130749645,0.8532749464717112,-0.805718166612792,4.0789260476855285
1.4510625175353888,0.8314346398825748,-0.345156867242898,6.490509242531908
0.3261135525766305,-0.20441037561294517,-2.7038176800733402,4.284554632414951
0.15915847194200303,0.26441711876770074,-0.6214619675777742,5.481849265393277
0.1689221831960775,0.33514129053615477,-0.524414892971043,4.2116655715934845
-0.9454132594084035,-0.6214923510543061,-1.019584508167443,2.449086258023219
-0.19832121584990914,0.1667384829761206,0.1656121502326517,6.1090579770256035
-0.2280838390040132,0.16147716454743055,-0.05594543204526823,4.317283935059179
0.5666561525684084,0.18378914569471952,-2.2592138775776114,5.541777738001807
0.653182426268498,0.9293712399203408,0.21550796930175647,4.838858038406916
-0.8861360718959825,-0.9624692228021334,-0.9283241307890274,3.2059964968850276
-0.20094633534808987,0.3813719052288579,0.48568895919051513,1.690855223076122
1.5568451047980476,1.7774753884017565,-1.2818512477286654,6.443399445649856
-0.9689858108527369,-0.5197087964128881,0.03000653853094012,3.5957731352894147
-0.5565238039204331,-0.8998076084001785,-0.2831633288865059,4.809296147382392
0.4514331838655682,0.02566626560016866,0.30310188495033036,6.317291261035276
1.0363032956353349,1.002166767161968,0.12469727765134685,6.903069253668797
-0.29152489959804856,-0.20870619728621267,-0.25516417502145444,2.8605455351876996
1.4947848046502,1.2812733202409288,-1.5362723140442447,5.563790284892814
0.9377650000936686,0.8338383927661424,-1.4772079634610316,4.2707113701256745
0.5207658174635483,1.1604024847146235,-0.583886939092219,5.721058295902035
0.5492570245699302,0.4831770407321578,-0.00827988392958697,6.552932582133983
2.4005599981527377,1.8398031726315618,-0.608247947199117,6.015257034460166
-0.09394663410141402,-0.10427275933355051,0.6252119305794656,3.725549955012617
-1.9680700186767428,-2.1433266626872993,-0.2792209192116837,3.1104871363810425
1.6625006448866169,1.6127805664046904,-0.9650127247795103,5.806994227388289
-0.16297715250620654,-0.4750403711252504,-0.27809629298790933,3.9977189301610387
0.353087226325169,0.05313964517947938,0.22585983631655238,8.010674544425314
0.7361396941039783,1.4676188012174678,0.3248847188245844,4.748163753271871
-1.6657472520264618,-1.9088325167294669,1.8783791319931293,5.234429166239204
-1.2845774196149298,-1.3550500590970116,-0.6689093400034194,2.8298982401153108
-1.951697651664248,-1.4644703544953774,-0.07347866159040038,2.7593825703808137
-0.7752996783789614,-0.9169532450942975,0.4261239468194264,4.340636667479413
0.6893881604990949,0.11787526416299915,-0.023422959200815323,6.537359299863379
0.3068742708946529,0.6578989114641182,-0.5006181459886532,4.965517876586656
0.3435543670665282,0.5008931054168615,-1.5492571763442435,2.62525073713344
-1.595930579351654,-1.4217649254209677,-0.5108345590530156,4.397348693111448
-2.4444858413685795,-2.702272556326551,-1.073702412717801,2.7166255969123383
0.3498323122243893,0.1955475347301455,-1.7266066811237784,6.076042735431413
-0.5802875976607007,-0.8037536099222734,-0.7956788416705864,3.3933852494083334
0.5518282695187366,0.5211456270862449,-1.0470917207664545,4.1664825699723
0.32771000300907266,0.5244608612728381,0.5837865452929482,4.064201337528204
0.510704944337658,-0.09372642509471116,0.6010918374142937,7.270411274574382
0.8806635746371536,0.6717510819599157,-0.9038792895808748,5.912532217119438
0.1927114055850161,0.19255186282961645,-0.2602286305631211,4.598504356583073
0.6451740076014456,0.40122305552417703,-1.8582426621125354,4.189885387814435
-0.9866371486594445,-0.5869326072268523,-0.4943399501826941,1.7001875236531818
0.0568947345190729,-0.26882528952322526,0.3989819007023456,5.859341832484186
0.1319791415576712,0.39281427099132166,0.8249378896141027,4.557191047908821
0.7797145724077319,0.8767631085461147,-0.7130470816913138,4.543486966927047
-0.492072295217669,-0.5332526135438337,1.0518548605275198,6.66330525783003
0.4050369751829957,0.34797927896565545,-1.5156919215134717,4.678980728668206
-0.1269046695896973,-0.5953380517248668,-1.2476277991437925,6.4561911290356715
-0.06636079730728578,-0.059395531754765876,0.7096618656378763,4.741287421723916
0.959868670304681,0.7586015325738014,1.6711212285632473,7.442739843846721
-1.9948193089512702,-2.467499476666859,0.4934319881836954,4.141781004315421
-1.1938323658593248,-1.403615302628641,-0.040342386534012425,2.5079400048941785
-1.5659551462278285,-1.6623922032938112,-2.1951837465222086,3.9576654009069454
-1.8876697515663952,-2.0184806014141725,-2.0224470560434793,2.227574813075005
-0.9918505234412764,-1.0188201625338387,0.12940953689586895,4.8732117428247435
1.0016213644403373,0.46116373978092967,-0.35806266957117455,6.151476556512005
-0.011302576238380602,-0.06289013776143476,-1.105835182152118,4.374110574151904
0.027358320748733372,0.46914271343464475,0.06553258083005072,3.309703465868581
1.5350722188219872,0.9402209089656643,0.11513136750780958,9.01833900505193
1.5267841888567553,1.2012689677059094,0.9444158685402726,7.9614319128792586
0.12508986663844276,0.054109144584523025,0.13660228301270078,5.7024059789335215
1.3591903269745726,0.8881659301803353,1.2283943683343845,9.273620451835217
0.04868142679037392,-0.28011207846700203,0.007994029548813363,6.866606748978556
-0.8792799892353838,-0.8935449039976044,-0.11533499480733611,4.856924879021674
-0.5162942329348318,-0.28442223897290997,1.0643121862471823,3.130390525227453
-1.200299257558237,-1.5676825301983641,-0.9784408800414345,3.349567728184617
-0.8518710101613685,-0.8679464953866215,2.8144474532661614,4.583615550910865
-0.5403054127018873,-0.13125883356162676,0.3752574781667358,4.556763861726759
0.9684704318555976,1.2249619660342308,0.3808292528376731,5.81655393166722
1.9049999804449422,1.6054001365363213,0.5250959739725976,6.376235221617889
-1.2512496096874828,-1.3855488601237254,1.8771364753316424,4.767172915839597
0.5419272495649154,0.7572385125284875,0.7925074116726066,4.013446093755295
-1.094729565189096,-1.34498379419582,-1.6050559790039236,3.5500944152526306
0.288899255037086,0.6802133025739663,1.4034703847675043,3.552633848359893
-0.30472533681588254,-0.33474975715997823,-0.3408965794450173,5.113702707534413
-2.157998475539102,-1.810411352426899,0.10715507283932346,2.578367440690228
0.9756867138776742,0.8797731820884295,-1.2792539721752665,7.435835284715412
-0.6216904694540497,-0.7966030329489768,0.5262020181238957,5.839108956095094
-0.6218977792794964,-0.7305206239052097,-0.6513742900675522,3.846746509115651
-1.6608761761587039,-1.014469538438939,0.10016963799347375,2.914465460672989
-0.9037467706263893,-0.455175411055019,-0.284099005360783,1.6593971266053
0.6520585709755506,0.40194320005721657,1.9250128017358519,6.152323109999059
-0.3221695409490317,-0.17522170918976224,1.9822603001455896,5.708207477680334
0.40078033781384936,0.4428968155406905,0.046513170214741384,3.1815543047196098
0.08378476793379241,0.1675980993262517,0.06397771136885474,4.910986175899418
1.6084027520000133,1.4686001572107514,-0.37344296634951507,5.681023166285358
-0.3715916828753146,-0.1789175314524299,1.1060062915027862,4.897370215183573
-1.4188497375490248,-0.9561325570956498,-0.32891987033337716,1.413519608330273
1.53237837494832,0.9920015784600665,-0.4213372746456993,7.826711468057167
-0.028200151979373922,-0.4231045324308802,0.9785928636649645,6.27023246442351
1.0532793203199653,1.268385618892126,-0.5382990953166494,6.75428309239865
0.2647330762083986,0.5471979469648981,-0.03775503444853058,4.687660351572757
-0.19624653250725127,-0.23815496087868732,-1.5813107815109928,3.328272128518659
0.45075554374160226,0.2681433586602853,0.7041903451231669,5.921189230638537
1.9299677332761254,2.0592387277699076,1.9408669391818687,6.297622816862765
1.9979317000530588,1.9114636809068208,0.7212253727997919,7.937617679450869
0.3628173852745872,-0.012725662470224289,1.461799167547305,7.434653310853134
0.1373486149615079,0.17810914679076223,-0.8461021361773309,7.101972519907152
1.5361579760738495,1.2754278944308373,0.2363242820282007,6.5539442897695706
-0.8275125200169126,-0.9665807560032553,-0.9431599243693896,3.7112494160958955
0.6901340514632006,-0.03540651978787929,-0.22776554558134285,6.451573896736473
0.04560103658826896,-0.4091823414574986,0.7722114773525048,6.55338723248728
0.5065003261074432,0.06202559811632691,0.10182061310329862,6.828050623120938
-0.9782910162529507,-1.0960023495893934,-1.4126410226012216,3.4974362946908126
-1.7603193378264512,-1.6204896450329507,-1.3150291055377534,3.388832640690703
-1.9810422449882943,-2.3107594667108127,-1.3811639314907738,2.370830728956578
-0.9196734644965447,-1.2579351049538485,0.4914525899395903,5.98875015927857
-0.45062398453924046,-0.6134924619357429,2.0638945356566682,6.445558091723182
-0.5504702536655013,-0.3812931588183605,1.3624582440002129,4.7803747587413765
1.6651794891716514,2.2017320287341415,-1.8959851991460643,4.329145169716494
0.8205660894700499,1.2383828877934016,1.421075938069784,8.122138220589608
-1.3156155389295034,-0.9588652332864265,0.9364004170146472,2.6220754075495867
0.3696055243403744,0.2555031963347893,-1.5452999455287577,5.12309338455558
-0.18206945200872002,-0.49372476767492934,-0.3032016167104975,4.5394213007263176
-0.2870469954250569,-0.21881454404970524,1.0955224114958095,6.9098700561934505
-0.2667573020521885,0.30215946408584005,0.5504335109347853,4.757452249938351
0.5810190249084836,0.4376476157552732,-1.3090950523879856,4.534864438179768
-0.3718182832105368,-0.33196233276116904,0.6107421557961942,5.366435887220053
1.4830512827794464,0.6575276190017532,-2.1375005960805877,7.323044033571094
-1.4333658087263152,-1.0995954693082846,-0.22282217575721136,2.2710576625842793
-0.0717964581575707,0.15876891075400568,1.1379567694000488,5.794215405947473
2.938844262704745,2.541660001219657,0.018394215571319834,9.131715284564992
0.31307541089458474,0.5863851418532962,-0.4989375499619459,4.732685887882141
1.5458771213094578,1.2569668171189627,0.8893462537723492,7.526451145334294
0.11443706557798382,0.13500826123386045,0.9747518150865815,5.991725074409173
0.6467658030612496,0.5736121459966056,1.3100396928669502,6.6774806251164724
0.09873871166301568,-0.0768427278813732,0.8743424284463873,5.946166138000004
-0.3323048449427577,-0.19327201476515396,1.0813747939371465,4.289300975683045
-0.6038706809437797,-0.7580613907235253,0.7329085574375346,6.764731258096972
0.15570075558044538,0.5998931076502931,0.26552864911647195,3.3496604326504387
-0.7858635946194603,-0.575989941930819,0.08950899976381409,4.266779818764909
0.7013334289706946,0.6651351874125977,-0.237259719097402,5.334859310236755
0.9620283868074884,1.2483502188802367,-1.2123682930597257,6.542747845581429
0.3619943521721006,0.22617801798387344,-0.9553115088198088,4.252488728914809
-0.41075676408880246,-0.13305764301044526,-0.28201448193520967,3.157574491026547
0.2396253139363472,0.301567274543298,0.2414521596024293,4.266649409261836
-0.3793960038691415,-0.09054106832878617,1.4408125980042632,5.086765475002889
0.714749398390817,1.3776753009437972,-0.04179722787551253,2.994948319778458
-1.766846591396474,-1.855822861809402,1.003476290877664,3.4343156001104482
-0.5656244669491189,-0.774116066280128,1.0793156564321207,3.238650737074675
-1.8484165905257874,-2.1004265817729624,-0.231446797688791,3.7803013472522577
-1.731356643812969,-1.2486858033693444,0.5946902113701839,2.1004319222286107
1.2506032466977082,1.4744775872189584,-0.2435280417248615,4.193033800860924
0.7702643003286501,0.9449677017066919,1.3221358940784769,7.167534847585863
-0.4544508875098226,-0.5177465620938225,0.6358433382659322,3.682395232406204
-1.4364454669175786,-1.4056127681912125,-1.1904837546883553,3.703590948313727
-3.00687559835053,-2.7209838003514237,0.16152465215384673,0.8010623077403757
-0.4437516197186899,-0.3596107726032375,1.6481121618238797,6.813594144857771
1.9989765427814647,2.724755102794794,-0.18123103454670117,6.206354444407601
0.4262575535354659,0.5066434882448982,0.44771503009506813,4.481295328290107
-0.16006945048853694,-0.37852040575069856,0.5458788377391453,4.632689326695052
0.49154951078084075,0.40365479488314915,-1.0366228991646005,5.754552698218234
-1.5473757191605757,-1.681250515306244,0.5107079492135139,3.713349717027351
-0.1876976867691962,0.04403016538615928,-1.3938351520346257,3.4825865258814144
0.2785985216786076,0.1427184082802761,-0.6256241064013961,6.50978555704667
-0.4855939903990205,0.07487546135142731,1.075722967494192,3.1826397164772233
0.4543408253318752,0.8155541245723587,0.356756290308358,5.001586144180542
0.3867034844532817,0.22734209605205952,-0.304477807746527,6.507815151034769
0.525350705728495,0.6705225966244772,0.44646102124518744,6.267354922944725
-0.42596722978677654,-0.4011734786772166,-0.060092247755131445,4.334786476595865
0.8347805304335033,1.0088634232664329,0.012578502351833248,5.2039981150909025
1.2420308004813678,1.2866423156778997,0.6568185267201376,4.7424015709274405
-1.223752303020212,-1.0131984109666436,-0.7273677406591319,1.9352110498778892
-1.4376308596406748,-0.5312368971736173,0.040336405554690695,2.088108644777289
1.2889592288636504,1.2930249639502416,-0.3122681946066529,5.986811472444907
-0.22902081214793696,-0.5514397250418964,-1.5856033746002556,4.6979424049060805
1.3189288501101775,1.7824311691510657,-0.9204557562492998,5.970949943537812
-0.22675990408623614,-0.3060572099296254,1.5682064470638322,4.528614822070184
1.69474954357405,1.4410430045081513,0.38472331458523407,7.158343976765815
0.09740813213422994,0.05720226958903846,-1.3235883014013892,4.704736669935135
-0.168709910172676,0.4746992092810423,-1.5403543758484106,2.070134725421166
1.688174337768356,1.4563213416246659,-0.11216390011058394,8.527275493927862
-0.25069843174245615,-0.13211919254097357,1.5611865331764823,6.201323158055967
-0.8792437818935693,-0.8326830387801071,-0.18675813480435263,4.2243889915660855
-0.25226825816673115,-0.39962782293088434,1.306999553404016,7.4901824273921696
0.21936833135093067,0.48143691171025776,0.3519307708186574,3.372301276431463
-1.1640079949434865,-1.60075267952335,0.47125045784589364,4.937380322033506
0.44558535202274785,0.8465989266929747,-1.3357205093045694,4.342034916964071
-0.3889267321775723,-0.71183988403811,0.9375229217497576,4.81110598562446
0.8103431218508932,0.8234276353675216,-0.3349320372736072,5.917422617998562
-2.5803132423544817,-2.2713722803219767,0.8630924536109083,1.1267685665980842
-0.48329204575910145,-0.6603181094907391,-0.814169981986113,5.15423240898537
-1.738648115834272,-1.5904199207317486,0.1770493475099125,4.111254935844544
-0.658244945337393,-0.7446837924403448,0.3520029539376315,4.962967626965655
0.29505697885279236,0.18355782544143356,-0.15403331657586652,3.5882408123226313
-0.20021825664978943,-0.021730084572649827,0.4045451930861567,3.6782844745729752
0.019392496038523,-0.26248919429892315,-0.26639707519250877,6.014667342330322
-0.20651663631044087,-0.25660758354309643,-0.6490597530412794,4.590334025146597
-0.1527593808927507,0.14100997816886346,1.6054833827939645,2.368440974688515
-1.169184060333449,-0.6044081021879413,1.0489528663614422,4.468570840424498
0.8170879866393896,0.3598544244899642,-0.7608647450481768,6.487779244667983
0.7417677916579856,0.7626235912446437,0.5684443055946129,5.1652036812819295
0.07162628760901335,0.04921585213135754,-0.742678854701153,5.740063328780412
0.41166493886962297,0.5348867750866685,-1.1846846436623242,3.895338931697471
0.18007373096821017,0.20969250377782195,1.0338094413989762,4.94928878844426
1.9619793839082225,1.6180676433950918,-1.7040996256474057,7.156105703124818
-0.36227688877282016,-0.009286652965757286,0.9268559135765412,6.1762090556436195
-0.4327574399584725,-0.3830908307730159,-0.2527223125730585,5.965135363356971
-0.8992496774092834,-1.1733688488696266,-0.21154660308052864,4.902926862875246
-0.8779560186254529,-0.8643490524229864,0.4097512196232897,4.762091317631579
-1.0826475254030266,-0.9574705520032883,0.5811988119942524,4.749096865879448
-0.9179594048486817,-0.5907724447716041,-0.8263431768289082,1.7575114112133596
-0.14908834082621764,0.0011109064782229144,0.7177256087500634,5.553524306091916
0.36227999090553714,0.3435067562131376,0.1133705380252234,4.722438261159421
-0.11217296293895321,0.3167733827313212,-1.2560547928680381,3.7203850160830587
-0.9949016938632012,-0.42905856036169326,-0.1698744835797392,2.561007169736576
0.7121403222348199,1.1268983045950882,1.3812790155589258,6.07447219240796
0.6124500395066562,0.5511051518549873,1.6765947982456966,6.691540678939303
-0.3923430673804712,-0.11937933677903262,0.7173484576086773,1.347373429399691
-0.6205042328521371,-0.5650129158064263,-1.19034348816837,3.8522331006774366
0.6943710555865412,0.18650452704635367,0.4906069024558882,7.5975605161941235
-0.12944607267354394,0.28184571941025927,0.8508609038591928,4.9193291434269
-1.4431015171718409,-0.9935288942191698,0.7257079833187221,2.9180212823735987
-0.11196741503767202,0.06000697717575339,0.7849542886879182,6.578722636809843
0.33033754918174163,0.5567184283627323,0.3632630792475308,5.370580459565187
-0.9022825401084714,-0.8631118404620128,-0.0724123388305437,4.420843191376446
-0.10087646314888316,0.1751997280406787,-0.6083674959040184,5.087279300570553
-1.7073003450292221,-1.3785682072415941,-1.8979355185014963,2.0488606198413724
1.3420708151291654,1.1730207704152844,0.33964176671335083,5.9519740344994
1.4537061690085338,1.055194947612554,0.18605284365218855,4.905417619846965
-0.6953548085115653,0.0007435771309083905,0.5575758428248162,2.714115439597814
0.43259965379938914,0.6379228064123768,-1.3375436932928941,5.114127027808084
-2.1719975647423464,-2.608143228917345,0.6450166893150603,3.6697057768473753
-1.1869528355065755,-0.96274789935456,2.054545094620777,5.193088211781511
-0.18373842094684165,-0.311170915273334,0.07845013077791134,5.259079809015372
-1.2127468376064197,-1.004171306528773,-0.06166531920654083,4.627335510897201
0.6905232427752834,0.8064402105176715,0.309002356085701,5.317973778212696
1.6731138270863637,2.1961666243728577,2.032337024710338,7.110791571436232
-1.6454833811130767,-1.1600710790566642,-1.023647761699891,2.377753198459512
-0.6489102438401376,-0.5554310050248055,0.20320693339390494,5.767336617857343
0.03844938276504195,0.29733093626191526,-0.7996574222976441,2.4142202582881955
1.5200105794989347,1.7359530029935273,-0.547004720844995,5.356215097534093
-1.4996627631939419,-1.3890268308473526,-0.04959030788193934,4.102786323560413
-0.032957818309833214,0.6807679244479088,1.3473232416135588,5.75914879676011
1.7865313107941854,1.915263835454102,1.8009906006887368,7.6696330744608
-1.7976745870063966,-1.5091596631102475,0.4481421446267063,2.556662473093171
-1.2054750072468923,-1.6027063690881405,-0.3765947230234853,5.157808723598306
-0.33309892266491986,-0.5881470110766585,2.4927388666385184,7.2920693627094995
-0.4564184835904896,-0.2730116752716649,-0.4275544813295202,3.603328980439793
0.8603214459393334,0.8699795114121656,-0.5711359143597373,5.885744669991347
0.5572133608072154,-0.14109622714494718,-1.7749430445787269,7.246888276834147
-1.9884808134511056,-1.5673040738453645,1.3960915692447435,4.757670485234236
0.5044234296602274,0.40665384203026617,0.968245592371294,6.926690360341088
-0.3510009232517327,-0.2952754901803081,2.417805536116446,5.7905898753292355
1.5273551788088464,1.2568800812204992,-1.3895233522181258,6.319468521838569
-0.9119402663058342,-0.5866461992328137,1.4581708074791095,4.723953560481302
-0.6990863714334097,-0.40082436738390603,0.07013551836612739,3.6237845371711965
0.8127558299779836,0.3616330166335989,0.8061002168001363,7.30769206408921
0.8645423033767496,0.5643571207701487,-1.647777141104471,4.583147833506841
0.48715197023215817,0.4087996798565821,1.4680818226652972,7.674954658807118
-1.7291342560717395,-1.5201627574605638,0.7865167513318304,2.105996395223146
0.461274254786702,0.2718589894055529,-0.038910034786217525,5.388538007702879
-0.9766642390563341,-1.3679149716522183,0.6451126876611214,5.225986830817809
0.18480128659136683,0.40002029699702196,-0.7654953010422492,6.362602495147571
-1.432250159607949,-1.544330097912461,-0.5794400855816993,3.0795066893578977
0.4620418887660711,0.367876944959007,-0.46344461362539624,4.752633655607104
-0.9422132100060724,-1.1779609846954058,-1.852727861690278,3.0521014911936613
-1.176208775484234,-1.418430513130918,0.8617584942033671,6.398011114522131
1.2966690661654834,0.7123066771561694,1.1915936141825663,5.248843657769373
-0.11375280618846376,0.42772009320132975,-0.7013441497638416,2.4498913080014417
-0.5491742965549011,-0.7682228346398249,0.3482030159448188,7.794312996746908
1.299140831297283,1.7826540730675635,-0.2655404746292363,5.79022618393374
-0.3251719060658924,-0.5775636264057026,0.3282739620810305,4.2377635663150235
0.041419168636506846,-0.10451068634610028,-0.6275772412110292,4.977572275821435
0.42128440248709365,0.5763849580581614,-0.8834251560876358,4.736825279369002
-0.38456461882685766,-0.5773739036558302,1.0520748860237426,6.373216639748565
0.5096205169535656,0.36073134759761405,-0.06387058512449259,7.614965565925786
-0.3070418894818888,-0.5644789734008432,2.0221089508534758,6.607438435061973
-0.8804979009739446,-0.14102360670779734,0.046309964794139964,2.12392018987787
1.6807330993865457,1.6558832037284774,-0.9260780403504922,7.054478312625641
-0.965573622133965,-1.2039446883664842,1.2269408764359389,4.426386251686182
-2.1972116597804536,-2.4212670929453117,0.6308001641460198,2.5329617926332433
1.36696184604359,1.628968360545409,0.7268728636964236,4.446476376931718
2.383173976285936,2.3520799305036832,1.1906006788679186,6.475534012784
-0.37608160662037704,-0.4164062759793307,-0.6527962938457945,3.4817244290503613
-1.940245618487678,-1.935773468529845,-0.12725330898528756,1.8093936594031415
-0.25387025859394585,-0.08244208040859663,-0.17144983148779322,4.630784996666176
-0.06931991765467596,-0.04473794417842902,-1.2907465369156184,3.0367410411109863
-0.5429679040828269,-0.2557657206940587,-0.2635901501582435,0.6071663520357706
-0.9186242275783865,-1.1561786706940107,1.3363794578768242,4.180762613001808
0.5812175244680627,0.7124196028876045,0.237338103793847,4.965622771804484
0.4837510030611766,0.40746968550068385,-1.3460613278449878,4.357833486387704
-1.7886286666962845,-1.376677589471826,-1.555839411664935,3.1290741523315155
0.7998064653702608,0.6816154342210449,1.6647760587482714,6.255033997753679
1.5698634117396835,1.858805266398167,-0.09031901025512999,6.82774366049435
0.3016391346848024,-0.019407010138869474,-0.6474102057016173,5.601043721800475
-0.6357463291631045,-0.047913422862285615,-0.2739917648970031,3.009287250114158
-0.1313116318840265,-0.17328751023618102,-1.477307754317332,3.37860595881358
0.5914229995029772,0.9433275857482235,1.4230951495116198,5.540378750187528
-1.4967639760484415,-1.8333988576502003,-0.3930529375860296,3.2148831914646445
0.1286596691745242,0.2226317432036009,1.367401527738422,5.794440599240152
-0.5292916616919432,0.08807139514083823,0.05165171444731515,3.0255584492424634
1.7465044737618047,1.6363476640233896,1.4295319745684398,6.736956147331254
0.08040381994597487,-0.5537356337849132,0.2566944990430854,7.468924316629889
1.7751470049556985,1.9252056373769664,0.853232662869076,7.328486551569126
-1.1808666940866395,-1.269102518860622,0.7190930460883368,3.907088744363246
0.5399698828098896,0.5831178939815455,0.6232910662519707,5.910812440627874
0.005964845674139407,0.20221662170091184,0.3479344771827106,4.7036060107099855
-0.7913524076944742,-0.8154146916737192,-0.2328507161155849,3.2727558649429493
-0.1745670269021527,-0.012711126800208,1.9154346915728602,5.529934747701552
1.3628781299986916,1.1765308192549393,-0.9069369850959007,5.661092504130873
-0.2980673857883475,-0.23382863897529385,0.004307642343159692,3.6306751061370255
-1.2145722892549786,-1.8936244264246156,0.01488587520759545,3.528207592421568
-0.2375899372223071,-0.1575796324066237,0.4024407533435215,4.445002476279456
-0.9229555130006392,-0.971899661512219,-0.4294726458945011,4.527167120658993
0.017316601520730168,-0.628104025509138,0.31474630558958777,5.7708716549964
0.15669015837316191,-0.16609996624487028,-0.16884258520296613,8.238557807165712
-1.8448946263314971,-1.6818929080349367,-1.5819525174378992,2.9238113320091648
-1.5708648536459884,-1.6955681276383636,0.009552286256846456,4.9876479701276635
0.4824667068085427,0.4277915369391804,-1.1005653330301517,5.836777392105951
-0.46632752269084893,-0.5266990303509974,-1.734385762448901,5.64008758634357
-2.704480429017533,-2.69589303430703,0.13687332068938496,1.5597794584336118
0.7669799560679882,0.9230565497815105,0.48788334201956646,3.1380310539921052
-0.04724071978110295,0.559565380234595,0.5266980421045764,3.5563704928869058
-0.6868501336628675,-0.8067509024755737,0.5671707070196942,5.39475533301993
-1.2268260763738752,-1.2197905647627,-1.9325890209406105,2.944325361681448
0.7903240137855604,0.7878844652274077,-1.3610169279074695,5.390167257915915
0.026340444443472,0.42244809156813057,1.9735214368136709,6.541795871270862
2.580308655254366,2.6957581889247244,-1.0472087600770361,7.20786278233763
0.4930936063234978,0.5219205073285571,0.6108410311366891,6.539773247472745
0.24250012172181945,0.033020233500078655,-0.686937621665846,4.378428345479619
-0.22304801947617792,-0.07612880381917334,0.07967273926756446,3.427556229627558
0.5166419866444232,1.0633486158625929,-0.6332542022735941,5.7207155500957745
0.42000317569257284,0.5807659672485331,0.5615411546196448,5.480149705037542
1.144162739293767,1.4508519697887614,0.13677411731669906,4.975942153515992
-0.2756387561812545,-0.659346026867674,-0.4482897736442336,4.646236404822349
-0.5633081511214575,-0.7325153048484171,-1.0501721196807103,3.6008969748538493
-0.3510604390462284,-0.4508693671454521,0.2677741974925111,4.273485494852633
0.6831384806066731,0.43950637702972634,-1.21271879904259,4.280895485635613
1.547963952467107,1.4504202377180138,0.4274810421208385,5.456371500805205
-0.48711959357806106,-0.20147204062020002,2.6264849090369,5.059823377370248
-0.2501624077745426,-0.8067263089423474,1.350170051262012,5.945124549871673
0.2071149562260876,0.05817786468701963,0.7183478868941628,6.9713223681946
-0.5602671500133896,-0.45216794904521695,-0.08560729774114767,4.473807452446608
0.6756638468671634,0.939389681197698,-1.9387526270035254,4.444153544782314
-2.3581527894075984,-2.3249206477482884,-1.3222863959001843,1.1711193217692388
-1.0765170410525051,-0.5468777705776771,1.2827928561027135,3.38457243026922
-0.7003739308255356,-0.5915466681431063,-0.7897560801247798,4.048094607378657
-2.4135096453577605,-2.221301423172425,-0.6992520981640467,2.5686436009022207
-0.48871713436351777,-0.9345123815000271,-0.16565047568402144,5.226156295549124
-1.2626990348733527,-0.8365101604489606,-1.0620462588465547,3.433023866178795
-0.16037801877687008,-0.37350112558150533,-1.2267687345516363,4.660473136464525
0.8873752869591298,1.284407962371586,-0.050474072781421825,5.8609200182611865
-0.3437409192672381,-0.46746950206254256,-0.8915294546720363,3.968099310398202
-1.002529825603045,-0.8637383214907076,-0.7410185797788948,1.5367895097141913
-0.5220288161883864,0.1802739592102372,-0.781191026147006,2.951129107959386
1.0965388447989548,1.0913465418589667,0.5223602138344686,7.09342762074279
-0.5953773236600712,-1.0112014279073,-0.23212569049535728,5.695555371394278
-1.0012625435951672,-0.8305129022595139,-0.17857196789385368,3.990138851224039
0.6105105306353253,-0.013754714745911167,0.5969458973088833,6.808927004097253
-0.016551777105720672,-0.1610844720337083,-0.14203960823294015,4.394747557188193
0.614693990704075,0.624813891141513,-0.27825376845717287,6.007055574644393
-0.12983882950159342,-0.023772414406694965,0.47045035557017084,5.31970093429197
0.2465163673452166,0.8429701506691325,0.668197843557631,3.826808631632374
-0.9068799701616462,-1.0500318983535863,-0.14707349950860418,5.415311325659989
-0.03471833273404688,-0.24012602211849904,0.0806077756205216,4.533535419297517
-0.4132267846407892,-0.23897054852823243,-0.781790229733328,3.2638422494763923
-1.190571582048592,-1.2023798272879658,-0.8606830431645255,5.039128599189557
-1.6802140192299246,-1.5404911655524858,0.7691475019668077,4.293495962132514
0.5800638090515566,0.7181329087316755,0.4449420625446217,5.168387335072607
-0.22969415099623644,-0.14307857323426743,0.4552984384165761,5.112104622331665
-1.2899567639120986,-1.239487192254159,0.28085434872552223,3.904323511658622
0.11328412029141945,-0.06103884569036227,0.04620327581495357,2.7394178251850807
0.8484816247256219,1.3860047970729508,0.6964118908227692,4.215167275968968
-2.4132781270429757,-2.627660144759362,0.9351087610227838,3.432193671791907
-1.112049451090011,-1.4607093537473157,0.9112280051906476,4.684272880260616
-0.6974154895667831,-1.0399621422898764,-0.10077791594598683,5.18439142273683
1.4806996652194169,1.3870367898257079,1.386992729908838,8.491004093909174
0.0944809398190532,0.1016254822764121,0.22846068173232117,4.872886411116569
0.6614627791212482,0.7334070973211381,0.6323761925657985,4.776107442881504
-1.1255058562090912,-0.7719097962408497,0.28208789083487973,3.633197627782911
-1.1120312288026066,-1.372421947505969,0.2470067074841741,4.205630228778402
0.4296395307975178,0.21389171622694492,-0.7357519902503197,5.337195663991602
0.052107828118609686,-0.20211258309725438,0.701350838344826,5.6194503505696725
0.5058637969231038,0.8942224761897468,2.845294394907639,8.393631435854623
-0.4760667380564547,-0.2801389320327095,-0.3747950747900833,1.7039758515030683
0.17484157802246042,0.27301591438509215,0.07099471542494816,4.625656359877025
0.3410438957024785,0.07756249668386123,-0.4462052643472624,5.641215035917689
0.5041005295747019,0.588882813404307,-0.48801990156193453,4.309383518851746
0.769097179636615,0.7599781526215835,1.5444494781186728,7.459385804854296
-1.7838227801459388,-1.128223273244458,-0.6729710177274647,2.3817503759070067
-2.2249984694612333,-1.9688543711460045,-0.4740804733663613,1.9779184787365884
0.9240187614381435,0.8311578340930527,-1.5874928237313013,5.045320448918981
1.4832038262568703,1.3172399138742736,-0.7576117245422473,6.324368954519292
-0.9193063886752867,-1.1869275740466128,-1.7083998929533477,3.656949381942881
-2.122196039701071,-2.215108934314873,0.6318046992119288,3.301159071006735
0.23328042332994064,0.30293700454012684,2.7996972218373095,6.305816770311423
0.7759078550981168,1.1628567956792395,-0.36667879365052214,5.071119891703003
1.6821952481588078,2.0068049726438946,-1.6667579329902373,5.952808897521382
0.5790613761228753,0.42232452225753647,0.8999996644297332,5.1122747684698435
-0.4700661805317219,-0.4050718433860922,-0.7269249589301569,2.985818766478791
-0.7145594583202716,-0.743177510853238,1.2993469305535403,3.2438320825389075
-0.14345072063202466,0.08975049914027586,-0.2820290477899447,5.115529716286002
-0.423054014403529,-0.3779921981446652,-0.6318156890827807,4.421237801727815
-1.1463420844384378,-1.3388822697524492,-0.17795755574568647,4.655027024249513
1.935627901192279,2.071530689691689,0.7577767609361872,5.613212466298084
2.0050067131816935,2.0009703299193538,-0.22742063075565644,8.684317287208684
1.261807942277489,0.896531025748597,-0.49672470279370545,6.1351485157930625
-0.5788616070067134,-0.7930985214739321,-0.1988316029788718,4.918402227549543
1.3085481650771298,0.9213276633240173,-1.271855184500885,7.301446237011284
0.43348300311143384,0.7896560621443686,0.39703160229398016,3.9326729303964827
0.45662944966951075,0.6169407241478544,-1.7867265938449102,3.696319245277701
1.0144252037150905,1.1107722186587066,-0.44412145436551537,5.778842221245976
0.47984995731162394,0.31197926282828814,0.7593852088307432,9.052757026158375
0.6139977342532016,0.6333103311677596,0.3030482829327168,6.028021424742469
0.42547530854455523,0.8147317468776116,0.5903205729863903,6.548483869002356
0.13041395342242315,0.23239062729691168,-0.06504567271880911,6.099610914505997
-1.8124680054182345,-1.9224197944857118,1.1697461809855167,4.360318699703997
-0.1597226062667242,-0.28064899097437046,0.924699196769792,4.555283989902785
-0.3877665670215986,-0.2056624479389374,0.44614100424767456,5.530849307755151
-1.4633916651235233,-1.1146982293549585,0.927545777313543,1.8048840103480714
2.2437304133201024,1.8357958155557768,0.7504235544035768,10.035686509727633
1.6387184506928245,1.9225404182415984,-0.43946351334689027,6.051348067140086
1.3736241286790225,1.4745622726042924,-1.3438989116913336,2.8495748376846395
-0.0038548200373324515,0.2063476458199688,0.42036212584262383,4.445415216137539
1.6918434725781846,1.3178723001282164,0.5460892308314287,8.366778253816776
0.23595331676240877,-0.07345969231659942,1.0904719911385654,6.162991457449941
0.26218045104500187,0.7297454277807794,-0.9363212750452935,4.573895671044372
-1.362831880217896,-0.9822889642020944,-0.9064310592771633,1.5728425903996235
0.4391246800437641,0.3042312162285531,0.45990026630777037,4.632879368040464
-0.1639002807790339,0.15348528325767308,-0.07116698885308664,4.094299693673403
-1.0101810641397924,-1.504825900405728,-1.8857616105711281,4.067793470396429
0.11064183455403766,0.24970423190124846,0.37510816375419076,4.67168677067439
-0.06064175615926125,-0.2119433830182365,-1.8524229149889546,5.543041186706405
1.3102860339951756,1.8977782531691332,-0.9452565518733762,3.812465944571514
0.6975301327816034,1.1074088544620364,1.3516813728601071,5.86677898318314
0.1489976654114405,0.08839914793246458,1.8248790178071153,6.250604180436575
0.49136404814571416,0.2676813081650106,-1.2156563684719617,3.774185391735057
0.26604634040262437,0.04637279507540109,-0.3293915374126943,4.221667478682212
-0.5213165852438388,-0.21420220417296915,0.04262252307870598,3.8976769304024064
-1.022116736025706,-1.1977668951737872,1.781226927581568,7.200997044748204
0.05205116568965665,-0.2409485635608701,-0.49286894782440155,5.97088596217732
-1.0777653697689624,-0.4501801819223264,-0.4768840230332781,0.7029874178764934
-1.2518964419977936,-1.2720228654601777,1.5487255584628619,1.4522311190390678
0.565990294209226,0.3540625606709801,-0.374789152718258,6.535504777930968
0.33111174296388796,0.28800514056093324,0.7222017089664575,5.682212319324827
-2.1571398824483183,-1.5666333752286332,-1.4771429651124275,2.064541590066467
-0.18782425950987297,0.012436689137768478,-0.17123274409232622,3.4453195504372407
0.9302402998489188,1.107767221546375,-1.6595968383264046,5.09560053514933
1.02960925798677,1.0077194991143625,-1.0554337809557044,6.391845348281595
0.9131425578002248,1.1405093369198278,0.8392013551522634,5.43054603893067
-0.04968922374683367,-0.0897990180886698,-0.04990539108671263,4.579492099162417
-0.8529865844385467,-0.896968134238306,-0.31910574055297464,4.100686475982876
-0.9952079063641184,-0.8897379298797115,-0.7487496239809176,3.962153675236938
0.28371955217902406,0.5194604405341704,-0.22065607324128275,4.687575734336178
0.2973502486915626,0.18289806517500234,0.30111316710069364,6.650807537034516
1.3058019192559571,1.1162258210233502,0.9829162064617618,6.71447702968502
0.7157964651630473,1.1217200809047654,-2.6251466840968023,2.2629806861681008
-0.03682163108588049,0.2129978184027299,-0.8317611742628097,6.024634250918675
-1.2443184982854611,-1.6273189117546683,0.15909624218900573,3.99659671320501
-0.3111678916913855,-0.263440009096797,-0.09886311596228586,3.975502701420547
0.4093780563294175,-0.05797747150410498,0.403376242526725,6.47997391218764
-0.5926463513990538,-0.3289494440945132,0.26754028612655384,4.080911086709124
-0.9726608820494487,-0.6507797916905042,-0.30486786299340723,2.8444593632476765
0.3076455840346028,0.16878314628252072,-0.5268531959871771,5.3045099645961695
-0.5053811124363136,-0.6107169293424521,-0.2455014897355009,4.542777545080039
-0.5940306950869876,-0.6266246716500999,1.1487423498227427,5.220347759971415
0.21902741926895045,0.2044017209773239,-0.7320079329057144,2.52478739041203
-0.2691218452812185,-0.6944840571000354,-0.06280672314395548,7.431075523792287
0.43063215757657614,0.4000783114829074,0.18334221399842102,5.436122643228566
0.3700004816424281,0.4237784562818988,1.560350929874458,6.623242616747701
-1.1915946927724912,-0.9707941390870408,-0.30030825823631324,1.838548729204427
-0.9027790013882928,-0.7893880231182286,0.9588066560109609,3.878842108827809
1.591624181523888,1.4975605704332926,1.2319794032650222,6.723425239017176
-0.9177337794907685,-1.0268837415729024,-0.06375426499064825,5.7384127766867215
-1.987742766573735,-2.322894862658448,-0.2107189790767625,2.9913883292214267
-2.037773638716013,-1.8600105036060857,-0.3290536720482161,3.2002532419801155
0.1638688253102208,0.005856617514596051,-0.25582313424258235,4.701561221106983
0.203023219624988,0.39934740974635163,0.8542398605768328,4.784875830016733
0.1941523941346962,0.26728835197739365,0.2310099772555139,4.917835301876373
1.03896784408291,0.8813185502624614,0.2352897091698694,7.755756413138043
-2.7181253500117655,-2.17404903195734,-1.125223510379835,-1.258742400340652
0.5453882846595146,0.21288873020015883,-0.9674900773752345,4.410978799616176
1.5729202160912048,1.7575728606690584,2.14344682477698,5.328033173634171
-1.3512462853019689,-0.9336811687189678,-0.1778257252886896,1.637208499126233
-0.2968832547845545,-0.5789445571582564,-0.7747719955783602,4.068253300981562
-0.6371595904655876,-0.6542383584608011,1.4310991655892973,3.4980662742290987
-0.8767534668113284,-0.9158527949307416,0.2818085486835521,3.6082017171546044
-0.28234501958705116,-0.21539600409656184,0.5781549168645216,2.8581199269308164
1.3757441033473587,1.4736197441606298,-0.1380470752815336,5.092980560312369
2.133042462630732,2.0766545725615697,-0.31867309057680415,8.286902097390856
-0.516077661782683,-0.3208593164109353,-0.16958637249729036,4.412280531506279
1.7875960615117144,1.8714854001792078,-1.3827381702986268,6.115915971199942
0.03777357969012999,0.25478932359606093,-0.08792740941989748,3.556999830889205
1.9294818322412595,1.8697702196728017,0.29603307704261733,5.660836636854759
-0.3927732836723991,0.053064029210685815,1.8504632338437539,3.5016276319490274
-0.13100152390694353,-0.0018595084055750555,0.0859990650052155,4.610504150696912
-0.042071228904109026,0.15642191636313973,-2.334177042210305,4.26203073918291
3.185392724418189,3.065309250716995,-0.09398543278462142,9.280934372563587
0.6276244114034802,0.7271212977086713,2.739504133108306,7.428995067830584
-0.7841745519550469,-0.5500246762208807,0.8663662349850397,3.443151950001197
1.1012735082541996,1.1641946803346683,-0.8108889438085887,5.594536524592956
-0.4901410812409108,-0.39285859499082154,0.5911065144305567,4.2895046734369435
-0.4434937783525362,-0.20356637913633868,-0.7420134248897403,3.504454947275448
0.8487337783417668,1.1822952386451373,-1.3538075195468575,6.54183499492141
0.16550845079044016,0.07976537105126064,-0.3483693632340722,3.400809691648151
0.37360152798140783,0.11419756020319805,0.09152643923886121,5.703495867234997
-0.12440151736962954,0.3290605517524005,-1.8721555024333958,4.244345500365769
0.3028527759253442,0.3243796563997531,-1.1491592905386359,3.2193278746736698
0.6337145769802481,0.4501989367223441,0.010335563182354726,5.362166213820984
-1.8582915586545958,-2.0048879378267292,-0.40817317598895414,2.7017761141275547
0.38718025705930725,0.48861460335009405,0.39481127114609077,5.158427477996795
-0.850895807596024,-1.275747305893359,-1.2146683273085614,2.795515865738148
-1.659221260046659,-1.3157254708479535,0.7141137485533007,3.6061300961706193
0.2240913701335188,-0.21509145463800652,-1.183759097060195,6.176864753659616
0.28880077128265924,0.6958872491138189,1.64273430193763,5.8043702916071025
-0.6355290693886007,-0.9107208810947766,-1.7157582843783166,3.186601737543511
0.8624784263552131,0.5795553626717004,-1.0925542703834126,5.968558209317827
-1.383981617576391,-1.2401474232482188,0.4173708030318292,2.637595155714092
-0.2712389584925533,-0.10108105297909986,1.6642332514976381,4.887965195457847
-0.659029768825413,-0.5719562035443564,0.31504303611617074,6.477812545841437
0.0005267037886394071,0.06786121369811551,0.5628579201823911,5.242982021657139
0.453251157951129,-0.08984519884450315,0.01753690167305848,5.3606857463917486
-1.1202542583286625,-1.143395258761898,-1.0263984541151934,3.5931638561441255
0.6010441294580893,0.5095595316287148,-0.4901383482393793,4.187148224933839
-0.17587072781019208,-0.3160068016548765,-1.2119097199812767,3.2994361673735266
-2.104840802537145,-1.868550206507133,-1.2787099677768716,0.7420998855656049
-2.3242705026853314,-2.4071569647191176,0.40174891931974643,2.5980674288464307
0.13364646487379467,-0.276758486146801,-1.1231779820879617,6.329836371460207
0.1408155906302001,-0.3284060765890377,0.3195540067233614,6.817434126447195
0.18164567511942764,-0.26967728076484876,-1.3018227522210977,5.95637553902476
-0.3531993542555213,0.05129924391119556,0.29638302011675466,2.88707039387888
0.37053077382142074,0.2866758778906767,-0.4886825689629625,4.752584925765778
1.2320708798330111,1.126409359035391,1.4066155336506445,7.418702795136762
-1.202466897065291,-0.9606281543750226,0.32371889557906497,2.8473950799552914
-1.151682106770785,-0.9438090350285187,1.2357828929941415,3.772096755940655
-1.4949024680483167,-1.0937075378891934,-0.7556467164251925,2.7662430059507894
0.34226390076403523,0.3496100473320408,0.056143340244167284,5.006870596548806
1.032235432759502,1.347250119030284,-0.9810871581162783,5.137722070261823
-0.3914124346572076,-0.40300809876130533,-0.4136052427444181,6.017704728198346
-2.8139404285974305,-2.5811387061430695,-0.2621042227446291,1.417545216134535
-1.5954212177148563,-1.7704813694783295,-0.7258582206871392,4.571107785187726
-0.6281341877106736,-0.9965484024620047,-1.215502858845695,5.060312879676499
-0.7143648598382483,-0.47340552151324883,-1.4135173236526528,1.62971580819866
-0.6357731435368132,-0.4271916620717575,-2.339748115707397,1.675052806415852
-0.3926234855290792,-0.09405362714643592,-1.0563464635034578,2.648467682884009
-0.3650290376374825,-0.4441952946873656,0.6274938966718445,4.252215507865422
0.9330208236870862,0.8072598649868494,-1.598498532013283,5.2950037289741045
-0.9862211881509797,-0.48024903743392877,-1.368122846253305,2.932417135370088
-0.7717142082131087,-0.8465944255691855,1.790898571232915,6.528653928820225
0.3888814621475318,0.30631553460580757,-0.636496049848254,5.543940381031934
-1.7507892616551657,-1.3739325200057158,0.3210460091648358,2.210340703575143
0.27877722419191275,0.2776019433611276,0.6423171465004947,3.520045115473857
0.31681409151219,-0.17874694167617966,0.6625261297812802,6.709788798196907
-0.02685510116712296,0.0568019679256592,-1.5223142306080597,4.070443839038274
1.5622708948495645,1.4808567092360398,-0.23105967989949022,6.792498179665826
-0.49838644160174744,-0.7039872633364759,-1.6182272695183921,6.209941864811846
1.8281157792467306,2.068534174593914,2.4463178589103234,8.811034464200599
-0.2189574290826932,0.0030863953299236913,-1.5948752640156,4.324578208334259
-1.2475519788729341,-1.2730089867969658,-1.0478402188698202,2.3173647974686196
-0.024047720704920075,-0.16990384423422078,-1.0406008548415047,4.234369349736185
-0.9891535331272846,-0.967469799496332,-1.4966604767228804,3.1243041543208676
-0.9078425387423905,-0.848753792665845,1.3525939097565454,3.874869799972438
0.49899744157071474,0.7746180943213844,2.422447901083496,6.659444611596241
0.6659538429563832,0.5553581442505467,-0.4757491193126174,6.0061795299274525
-1.2055996763936714,-1.0691747998339913,-1.32042314684441,1.7730312040100706
1.2254662857484242,1.0588781394775355,-2.236925498726021,6.636996538023316
0.5479812449505831,1.5464273164731797,-0.24410871852210148,3.5313450764531997
1.3130919514520658,1.7514858142723688,-0.31636542316144384,3.549050367488486
0.7344830139772731,0.8956042648770353,-0.6512961263601446,5.035249590652707
1.2999713670352107,1.1594766750094059,0.2213752539762284,6.9728548339978405
-2.174035624467966,-1.698367948778702,0.3951731428154863,3.0450079569969892
-0.5366539609717967,-0.4623054565758049,0.32308325793790066,4.138714256078554
-0.6616241070593023,-0.8221473764400414,-0.3161248719684872,5.32929826316514
-0.2650750449823356,-0.13536462462055443,-1.101621829574262,4.111835186277187
-0.3456509990043338,-0.7003403721732806,0.6658330978067158,4.381589687199338
-0.17717826175819024,-0.3014071814224555,0.012513759421530454,3.662369683798592
1.6436958141155626,2.0618859362325725,0.8883575248346502,7.374054202448216
-0.2863428108809165,-0.009575972086447199,0.7900755494722314,5.75114546464803
0.21034744896988566,0.4691562630563781,-1.4217620690471156,4.304758016678067
-0.05902428975252949,-0.5023536135353124,-1.4342222074576032,6.606229975264263
0.2221988499094013,0.013385401166889674,-0.7555407187405284,6.318665237065767
-0.3378155463391379,-0.14320661615247376,-1.056265408290668,4.428462618621921
0.36760564226929265,0.6222592173120577,0.7552517759761007,4.324612891438141
0.9926704030783216,1.4009445061106138,0.35130967598791774,7.08320578604004
1.9060959912952034,1.858671114809506,1.0991839937853107,8.086839173367526
0.03960025828388264,0.15857619802576273,0.3964868174109183,4.61405301289396
0.910392706972605,0.04164026157770628,0.20864958187336902,7.083952383393789
-1.1575234570889545,-1.504256888811578,1.1997297803441704,5.3925920780422345
-0.3202636236916381,0.19644865320082114,0.4697273397350485,2.210116407552513
0.8048346280817334,0.8600384770196242,0.0681009634377188,6.428150687277674
0.7056448702634631,0.7158237147641306,1.4804530339306854,5.471942883533443
-0.04331394760805099,0.540141791482297,0.11518088315279006,4.217973124611934
0.9053593315140276,1.1394259486656177,-0.30434060491792164,4.763435457393727
0.24518359885545019,0.4956564533777762,-0.8378232587776496,4.06090754769727
0.7642330165116837,1.1416256400465268,0.7030254590454112,4.604050626199639
0.2134238627874765,0.2629389143944861,1.2370505418424689,5.57168959931389
-0.7162695548546112,-0.31026575589354144,-0.05058740143343007,5.335808692523889
0.18540908331951955,0.6558507131969453,1.3079156237798386,6.283543262503228
-3.112414953573447,-2.8461008910053303,-1.970015031971576,0.7244283602999879
0.2086425219798866,0.5280915429928777,-0.0554533748079148,4.516723526984995
-3.248220204896753,-3.4145588034007495,-0.04009491210443619,2.9086107267519083
-1.7121810939715039,-1.9573986076103018,-0.726994372407347,4.544727141209975
0.5008428027400506,0.6027409794357927,2.383861037981873,5.659158586131974
0.1222496779983363,0.418615586334473,-0.06619263268876116,4.41898267734948
-1.293221406867315,-1.6656478192944837,-0.4077307716044333,2.425807802616726
-0.6690415158906364,-1.137735950276101,0.02596211343350502,6.404430519857939
1.1656352060315307,1.166917466310395,-2.0028137385258296,7.226688073911744
-0.30241756286907906,-0.3777854858541599,-0.7598679253449151,4.548466945051711
2.002380995222779,2.265680225471044,0.9832399694454041,4.842392394545933
-0.059193080349381276,0.03495348825878665,-0.6289453549327747,5.0469316215449265
0.2908258488861551,0.7982248734186053,-0.8288751628002715,2.957501052272039
1.6497385303749907,1.363056475526645,1.3095256365144003,7.214516016664422
0.002929101822334357,0.12554044535667483,1.340254400951829,6.054410005020572
-1.0565227061049887,-0.9414568761280381,0.5169904721611418,4.226394995534406
-0.15695347004988724,-0.25698207500195724,-0.4551173340386673,4.327436297496318
-0.18248828766835112,-0.02994538717350274,-0.23947106511632352,3.7430847461821255
-1.2677228785021428,-1.6847315190184344,-0.804149961574959,4.2900554769637935
-0.2081543963733383,0.026149172114182218,-0.9947731190286448,3.4163863546249305
-0.7599148830480702,-0.8785150045035235,-1.0444164883084324,2.8458399821056135
0.8382660904950424,1.3306377901431348,-0.6180544067852075,4.211932306327894
0.19392068028925502,0.028117009401764606,-1.034720990684745,5.347760149977048
-0.32996259791040633,-0.07718503606773341,-1.563705118543149,3.20452625231304
-0.1675213881877637,-0.11684250442080714,0.21940266975390574,3.427313580907091
0.24406002438379135,0.21697325195406017,0.23459558089343707,6.404595981065512
0.95613153628395,0.5000083330453782,1.7007927584283167,4.979962885031918
-1.2677834702736221,-0.9758874427961258,-0.6683383683547026,2.367890135565599
-0.887616254010201,-0.9779878937384624,0.29610058962327057,3.820978865704041
0.726044983154909,0.947827513619494,0.31271257927480167,5.587015089734556
-0.3688822405590058,-0.43734575537670745,-0.2538375611255331,5.202787816316367
-1.1018255270751278,-1.5388618658082969,0.7443335887496761,6.271178753027084
0.541546414276566,0.9037455233060724,0.7752291868507144,4.49235791629075
0.49749482174064547,0.4454236520503632,0.32741109519753997,6.351925046053462
-1.6428051510173216,-1.2216688269173945,-0.25563970504779554,2.5829207361403874
0.23569115556131714,0.19035724930206863,-0.35753010855453504,3.4360545386193238
0.6851705293477024,0.7874406207353553,-1.3677538987970592,6.697293652607977
0.21719113011999197,0.1101136373772092,-0.8059177786176916,3.589612099056512
0.5740063606664213,0.5425669653878223,-0.6220075239016879,5.74537866158249
-1.3645928659654611,-1.3621621639328998,-1.123971762429434,3.4585197929524467
0.17759674129006753,0.648240921188169,0.43992396668766426,4.731907147166774
-0.4638761236073834,-0.2582232039351923,1.19662786898701,4.228555089380132
-0.7548388462430797,-0.206046086486045,-0.9080624323291501,3.5207970692187773
0.9487006146375058,0.9987014314603107,0.28344143574463715,4.430052224921119
1.588339163067642,1.8047547785671672,-1.0341111395297102,5.572623573629813
1.8407021434476625,1.7825616111393479,-0.30492217093916213,6.240647446042251
1.5078419700516381,1.792852413636266,-0.6903295791777758,4.9153583512264625
-0.09216065421403818,-0.2068134222130083,0.6018956486064415,5.866840493540669
0.43112235049949443,0.19942779618680925,-0.6787881738421783,6.632595914923458
0.8275903569117562,0.5248123018464368,1.0116604137066467,6.5957209120588525
0.10286994541582038,0.587382883611076,-0.24572077366219902,4.7916647721199865
0.024599822285614914,0.2946537024351239,-0.6496037095948308,4.20943087263378
1.2665836550345642,0.7569289852001203,-1.253305262345163,5.766508154292861
